-- dataset inserts
INSERT INTO datasets(dataset,config_file) VALUES ('espionage','configs/espionage.config.json') ON CONFLICT DO NOTHING;
INSERT INTO datasets(dataset,config_file) VALUES ('potions','configs/potions.config.json') ON CONFLICT DO NOTHING;
INSERT INTO datasets(dataset,config_file) VALUES ('southgermancredit','configs/sgc_coral.config.json') ON CONFLICT DO NOTHING;
INSERT INTO datasets(dataset,config_file) VALUES ('timetravel_insurance','configs/timetravel_insurance.config.json') ON CONFLICT DO NOTHING;
INSERT INTO datasets(dataset,config_file) VALUES ('titanic','configs/titanic_medical.config.json') ON CONFLICT DO NOTHING;
INSERT INTO datasets(dataset,config_file) VALUES ('wisconsin','configs/wisconsin_exoplanets.config.json') ON CONFLICT DO NOTHING;

-- model inserts
INSERT INTO models(model,training_model,inference_model,example_count,patience) VALUES ('anthropic','claude-3-5-haiku-20241022','gpt-4o-mini',3,3) ON CONFLICT DO NOTHING;
INSERT INTO models(model,training_model,inference_model,example_count,patience) VALUES ('anthropic10','claude-3-5-haiku-20241022','gpt-4o-mini',10,3) ON CONFLICT DO NOTHING;
INSERT INTO models(model,training_model,inference_model,example_count,patience) VALUES ('anthropic37','claude-3-7-sonnet-20250219','gpt-4o-mini',3,3) ON CONFLICT DO NOTHING;
INSERT INTO models(model,training_model,inference_model,example_count,patience) VALUES ('anthropic3710','claude-3-7-sonnet-20250219','gpt-4o-mini',10,3) ON CONFLICT DO NOTHING;
INSERT INTO models(model,training_model,inference_model,example_count,patience) VALUES ('gemini','gemini-2.0-flash','gpt-4o-mini',3,3) ON CONFLICT DO NOTHING;
INSERT INTO models(model,training_model,inference_model,example_count,patience) VALUES ('gemini10','gemini-2.0-flash','gpt-4o-mini',10,3) ON CONFLICT DO NOTHING;
INSERT INTO models(model,training_model,inference_model,example_count,patience) VALUES ('gemini25','gemini-2.5-pro-exp-03-25','gpt-4o-mini',3,3) ON CONFLICT DO NOTHING;
INSERT INTO models(model,training_model,inference_model,example_count,patience) VALUES ('geminipro','gemini-2.0-pro-exp','gpt-4o-mini',3,3) ON CONFLICT DO NOTHING;
INSERT INTO models(model,training_model,inference_model,example_count,patience) VALUES ('geminipro10','gemini-2.0-pro-exp','gpt-4o-mini',10,3) ON CONFLICT DO NOTHING;
INSERT INTO models(model,training_model,inference_model,example_count,patience) VALUES ('gemma','gemma3:27b','gpt-4o-mini',3,3) ON CONFLICT DO NOTHING;
INSERT INTO models(model,training_model,inference_model,example_count,patience) VALUES ('openai','gpt-4o','gpt-4o-mini',3,3) ON CONFLICT DO NOTHING;
INSERT INTO models(model,training_model,inference_model,example_count,patience) VALUES ('openai10','gpt-4o','gpt-4o-mini',10,3) ON CONFLICT DO NOTHING;
INSERT INTO models(model,training_model,inference_model,example_count,patience) VALUES ('openai10o1','o1','gpt-4o-mini',3,3) ON CONFLICT DO NOTHING;
INSERT INTO models(model,training_model,inference_model,example_count,patience) VALUES ('openai41','gpt-4.1','gpt-4o-mini',3,3) ON CONFLICT DO NOTHING;
INSERT INTO models(model,training_model,inference_model,example_count,patience) VALUES ('openai4110','gpt-4.1','gpt-4o-mini',10,3) ON CONFLICT DO NOTHING;
INSERT INTO models(model,training_model,inference_model,example_count,patience) VALUES ('openai35','gpt-3.5-turbo','gpt-4o-mini',3,3) ON CONFLICT DO NOTHING;
INSERT INTO models(model,training_model,inference_model,example_count,patience) VALUES ('openai45','gpt-4.5-preview','gpt-4o-mini',3,3) ON CONFLICT DO NOTHING;
INSERT INTO models(model,training_model,inference_model,example_count,patience) VALUES ('openai4510','gpt-4.5-preview','gpt-4o-mini',10,3) ON CONFLICT DO NOTHING;
INSERT INTO models(model,training_model,inference_model,example_count,patience) VALUES ('openailong','gpt-4o-mini','gpt-4o-mini',3,3) ON CONFLICT DO NOTHING;
INSERT INTO models(model,training_model,inference_model,example_count,patience) VALUES ('openaio1','o1','gpt-4o-mini',3,3) ON CONFLICT DO NOTHING;
INSERT INTO models(model,training_model,inference_model,example_count,patience) VALUES ('openaio3','o3','gpt-4o-mini',3,3) ON CONFLICT DO NOTHING;
INSERT INTO models(model,training_model,inference_model,example_count,patience) VALUES ('openaio310','o3','gpt-4o-mini',10,3) ON CONFLICT DO NOTHING;
INSERT INTO models(model,training_model,inference_model,example_count,patience) VALUES ('opus40','claude-opus-4-20250514','gpt-4.1-mini',3,3) ON CONFLICT DO NOTHING;
INSERT INTO models(model,training_model,inference_model,example_count,patience) VALUES ('opus4010','claude-opus-4-20250514','gpt-4.1-mini',10,3) ON CONFLICT DO NOTHING;
INSERT INTO models(model,training_model,inference_model,example_count,patience) VALUES ('sonnet40','claude-sonnet-4-20250514','gpt-4.1-mini',3,3) ON CONFLICT DO NOTHING;
INSERT INTO models(model,training_model,inference_model,example_count,patience) VALUES ('sonnet4010','claude-sonnet-4-20250514','gpt-4.1-mini',10,3) ON CONFLICT DO NOTHING;
INSERT INTO models(model,training_model,inference_model,example_count,patience) VALUES ('cogito','cogito:70b','gpt-4o-mini',3,3) ON CONFLICT DO NOTHING;
INSERT INTO models(model,training_model,inference_model,example_count,patience) VALUES ('falcon','falcon3:10b','falcon3:1b',3,3) ON CONFLICT DO NOTHING;
INSERT INTO models(model,training_model,inference_model,example_count,patience) VALUES ('falcon10','falcon3:10b','falcon3:1b',10,3) ON CONFLICT DO NOTHING;
INSERT INTO models(model,training_model,inference_model,example_count,patience) VALUES ('gemini2510','gemini-2.5-pro-exp-03-25','gpt-4o-mini',10,3) ON CONFLICT DO NOTHING;
INSERT INTO models(model,training_model,inference_model,example_count,patience) VALUES ('deepseek','deepseek-r1:70b','gpt-4o-mini',3,3) ON CONFLICT DO NOTHING;
INSERT INTO models(model,training_model,inference_model,example_count,patience) VALUES ('gemma3','gemma3:27b','gpt-4o-mini',3,3) ON CONFLICT DO NOTHING;
INSERT INTO models(model,training_model,inference_model,example_count,patience) VALUES ('llama','llama3.3:latest','phi4:latest',3,3) ON CONFLICT DO NOTHING;
INSERT INTO models(model,training_model,inference_model,example_count,patience) VALUES ('openai45p10','gpt-4.5-preview','gpt-4o-mini',3,10) ON CONFLICT DO NOTHING;
INSERT INTO models(model,training_model,inference_model,example_count,patience) VALUES ('phi','phi4:latest','gpt-4o-mini',3,3) ON CONFLICT DO NOTHING;
INSERT INTO models(model,training_model,inference_model,example_count,patience) VALUES ('qwq','qwq:32b','gpt-4o-mini',3,3) ON CONFLICT DO NOTHING;
INSERT INTO models(model,training_model,inference_model,example_count,patience) VALUES ('llamaphi','llama3.3:latest','phi4:latest',3,3) ON CONFLICT DO NOTHING;
INSERT INTO models(model,training_model,inference_model,example_count,patience) VALUES ('random','random','random',3,3) ON CONFLICT DO NOTHING;



INSERT INTO models(model,training_model,inference_model,example_count,patience) VALUES ('gpt-4o-legacy','gpt-4o-2025-01-29', 'gpt-4o-mini', 3,3) on conflict do nothing;
INSERT INTO models(model,training_model,inference_model,example_count,patience) VALUES ('gpt-4o-legacy10','gpt-4o-2025-01-29', 'gpt-4o-mini', 10,3) on conflict do nothing;




-- investigation inserts
INSERT INTO investigations(dataset,model,sqlite_database,round_tracking_file,dump_file) VALUES ('espionage','anthropic','results/espionage-anthropic.sqlite','.round-tracking-file.espionage.anthropic','dumps/espionage-anthropic.sql') ON CONFLICT DO NOTHING;
INSERT INTO investigations(dataset,model,sqlite_database,round_tracking_file,dump_file) VALUES ('espionage','anthropic10','results/espionage-anthropic10.sqlite','.round-tracking-file.espionage.anthropic10','dumps/espionage-anthropic10.sql') ON CONFLICT DO NOTHING;
INSERT INTO investigations(dataset,model,sqlite_database,round_tracking_file,dump_file) VALUES ('espionage','anthropic37','results/espionage-anthropic37.sqlite','.round-tracking-file.espionage.anthropic37','dumps/espionage-anthropic37.sql') ON CONFLICT DO NOTHING;
INSERT INTO investigations(dataset,model,sqlite_database,round_tracking_file,dump_file) VALUES ('espionage','anthropic3710','results/espionage-anthropic3710.sqlite','.round-tracking-file.espionage.anthropic3710','dumps/espionage-anthropic3710.sql') ON CONFLICT DO NOTHING;
INSERT INTO investigations(dataset,model,sqlite_database,round_tracking_file,dump_file) VALUES ('espionage','gemini','results/espionage-gemini.sqlite','.round-tracking-file.espionage.gemini','dumps/espionage-gemini.sql') ON CONFLICT DO NOTHING;
INSERT INTO investigations(dataset,model,sqlite_database,round_tracking_file,dump_file) VALUES ('espionage','gemini10','results/espionage-gemini10.sqlite','.round-tracking-file.espionage.gemini10','dumps/espionage-gemini10.sql') ON CONFLICT DO NOTHING;
INSERT INTO investigations(dataset,model,sqlite_database,round_tracking_file,dump_file) VALUES ('espionage','gemini25','results/espionage-gemini25.sqlite','.round-tracking-file.espionage.gemini25','dumps/espionage-gemini25.sql') ON CONFLICT DO NOTHING;
INSERT INTO investigations(dataset,model,sqlite_database,round_tracking_file,dump_file) VALUES ('espionage','geminipro','results/espionage-geminipro.sqlite','.round-tracking-file.espionage.geminipro','dumps/espionage-geminipro.sql') ON CONFLICT DO NOTHING;
INSERT INTO investigations(dataset,model,sqlite_database,round_tracking_file,dump_file) VALUES ('espionage','geminipro10','results/espionage-geminipro10.sqlite','.round-tracking-file.espionage.geminipro10','dumps/espionage-geminipro10.sql') ON CONFLICT DO NOTHING;
INSERT INTO investigations(dataset,model,sqlite_database,round_tracking_file,dump_file) VALUES ('espionage','gemma','results/espionage-gemma.sqlite','.round-tracking-file.espionage.gemma','dumps/espionage-gemma.sql') ON CONFLICT DO NOTHING;
INSERT INTO investigations(dataset,model,sqlite_database,round_tracking_file,dump_file) VALUES ('espionage','openai','results/espionage-openai.sqlite','.round-tracking-file.espionage.openai','dumps/espionage-openai.sql') ON CONFLICT DO NOTHING;
INSERT INTO investigations(dataset,model,sqlite_database,round_tracking_file,dump_file) VALUES ('espionage','openai10','results/espionage-openai10.sqlite','.round-tracking-file.espionage.openai10','dumps/espionage-openai10.sql') ON CONFLICT DO NOTHING;
INSERT INTO investigations(dataset,model,sqlite_database,round_tracking_file,dump_file) VALUES ('espionage','openai10o1','results/espionage-openai10o1.sqlite','.round-tracking-file.espionage.openai10o1','dumps/espionage-openai10o1.sql') ON CONFLICT DO NOTHING;
INSERT INTO investigations(dataset,model,sqlite_database,round_tracking_file,dump_file) VALUES ('espionage','openai35','results/espionage-openai35.sqlite','.round-tracking-file.espionage35.openai','dumps/espionage-openai35.sql') ON CONFLICT DO NOTHING;
INSERT INTO investigations(dataset,model,sqlite_database,round_tracking_file,dump_file) VALUES ('espionage','openai41','results/espionage-openai41.sqlite','.round-tracking-file.espionage.openai41','dumps/espionage-openai41.sql') ON CONFLICT DO NOTHING;
INSERT INTO investigations(dataset,model,sqlite_database,round_tracking_file,dump_file) VALUES ('espionage','openai4110','results/espionage-openai4110.sqlite','.round-tracking-file.espionage.openai4110','dumps/espionage-openai4110.sql') ON CONFLICT DO NOTHING;
INSERT INTO investigations(dataset,model,sqlite_database,round_tracking_file,dump_file) VALUES ('espionage','openai45','results/espionage-openai45.sqlite','.round-tracking-file.espionage.openai45','dumps/espionage-openai45.sql') ON CONFLICT DO NOTHING;
INSERT INTO investigations(dataset,model,sqlite_database,round_tracking_file,dump_file) VALUES ('espionage','openai4510','results/espionage-openai4510.sqlite','.round-tracking-file.espionage.openai4510','dumps/espionage-openai4510.sql') ON CONFLICT DO NOTHING;
INSERT INTO investigations(dataset,model,sqlite_database,round_tracking_file,dump_file) VALUES ('espionage','openailong','results/espionage-openailong.sqlite','.round-tracking-file.espionage.openailong','dumps/espionage-openailong.sql') ON CONFLICT DO NOTHING;
INSERT INTO investigations(dataset,model,sqlite_database,round_tracking_file,dump_file) VALUES ('espionage','openaio1','results/espionage-openaio1.sqlite','.round-tracking-file.espionage.openaio1','dumps/espionage-openaio1.sql') ON CONFLICT DO NOTHING;
INSERT INTO investigations(dataset,model,sqlite_database,round_tracking_file,dump_file) VALUES ('espionage','openaio3','results/espionage-openaio3.sqlite','.round-tracking-file.espionage.openaio3','dumps/espionage-openaio3.sql') ON CONFLICT DO NOTHING;
INSERT INTO investigations(dataset,model,sqlite_database,round_tracking_file,dump_file) VALUES ('espionage','openaio310','results/espionage-openaio310.sqlite','.round-tracking-file.espionage.openaio310','dumps/espionage-openaio310.sql') ON CONFLICT DO NOTHING;
INSERT INTO investigations(dataset,model,sqlite_database,round_tracking_file,dump_file) VALUES ('espionage','opus40','results/espionage-opus40.sqlite','.round-tracking-file.espionage.opus40','dumps/espionage-opus40.sql') ON CONFLICT DO NOTHING;
INSERT INTO investigations(dataset,model,sqlite_database,round_tracking_file,dump_file) VALUES ('espionage','opus4010','results/espionage-opus4010.sqlite','.round-tracking-file.espionage.opus4010','dumps/espionage-opus4010.sql') ON CONFLICT DO NOTHING;
INSERT INTO investigations(dataset,model,sqlite_database,round_tracking_file,dump_file) VALUES ('espionage','sonnet40','results/espionage-sonnet40.sqlite','.round-tracking-file.espionage.sonnet40','dumps/espionage-sonnet40.sql') ON CONFLICT DO NOTHING;
INSERT INTO investigations(dataset,model,sqlite_database,round_tracking_file,dump_file) VALUES ('espionage','sonnet4010','results/espionage-sonnet4010.sqlite','.round-tracking-file.espionage.sonnet4010','dumps/espionage-sonnet4010.sql') ON CONFLICT DO NOTHING;
INSERT INTO investigations(dataset,model,sqlite_database,round_tracking_file,dump_file) VALUES ('espionage','random','results/espionage-random.sqlite','.round-tracking-file.espionage.random','dumps/espionage-random.sql') ON CONFLICT DO NOTHING;
INSERT INTO investigations(dataset,model,sqlite_database,round_tracking_file,dump_file) VALUES ('potions','anthropic','results/potions-anthropic.sqlite','.round-tracking-file.potions.anthropic','dumps/potions-anthropic.sql') ON CONFLICT DO NOTHING;
INSERT INTO investigations(dataset,model,sqlite_database,round_tracking_file,dump_file) VALUES ('potions','anthropic10','results/potions-anthropic10.sqlite','.round-tracking-file.potions.anthropic10','dumps/potions-anthropic10.sql') ON CONFLICT DO NOTHING;
INSERT INTO investigations(dataset,model,sqlite_database,round_tracking_file,dump_file) VALUES ('potions','anthropic37','results/potions-anthropic37.sqlite','.round-tracking-file.potions.anthropic37','dumps/potions-anthropic37.sql') ON CONFLICT DO NOTHING;
INSERT INTO investigations(dataset,model,sqlite_database,round_tracking_file,dump_file) VALUES ('potions','anthropic3710','results/potions-anthropic3710.sqlite','.round-tracking-file.potions.anthropic3710','dumps/potions-anthropic3710.sql') ON CONFLICT DO NOTHING;
INSERT INTO investigations(dataset,model,sqlite_database,round_tracking_file,dump_file) VALUES ('potions','gemini','results/potions-gemini.sqlite','.round-tracking-file.potions.gemini','dumps/potions-gemini.sql') ON CONFLICT DO NOTHING;
INSERT INTO investigations(dataset,model,sqlite_database,round_tracking_file,dump_file) VALUES ('potions','gemini10','results/potions-gemini10.sqlite','.round-tracking-file.potions.gemini10','dumps/potions-gemini10.sql') ON CONFLICT DO NOTHING;
INSERT INTO investigations(dataset,model,sqlite_database,round_tracking_file,dump_file) VALUES ('potions','gemini25','results/potions-gemini25.sqlite','.round-tracking-file.potions.gemini25','dumps/potions-gemini25.sql') ON CONFLICT DO NOTHING;
INSERT INTO investigations(dataset,model,sqlite_database,round_tracking_file,dump_file) VALUES ('potions','geminipro','results/potions-geminipro.sqlite','.round-tracking-file.potions.geminipro','dumps/potions-geminipro.sql') ON CONFLICT DO NOTHING;
INSERT INTO investigations(dataset,model,sqlite_database,round_tracking_file,dump_file) VALUES ('potions','geminipro10','results/potions-geminipro10.sqlite','.round-tracking-file.potions.geminipro10','dumps/potions-geminipro10.sql') ON CONFLICT DO NOTHING;
INSERT INTO investigations(dataset,model,sqlite_database,round_tracking_file,dump_file) VALUES ('potions','gemma','results/potions-gemma.sqlite','.round-tracking-file.potions.gemma','dumps/potions-gemma.sql') ON CONFLICT DO NOTHING;
INSERT INTO investigations(dataset,model,sqlite_database,round_tracking_file,dump_file) VALUES ('potions','openai','results/potions-openai.sqlite','.round-tracking-file.potions.openai','dumps/potions-openai.sql') ON CONFLICT DO NOTHING;
INSERT INTO investigations(dataset,model,sqlite_database,round_tracking_file,dump_file) VALUES ('potions','openai10','results/potions-openai10.sqlite','.round-tracking-file.potions.openai10','dumps/potions-openai10.sql') ON CONFLICT DO NOTHING;
INSERT INTO investigations(dataset,model,sqlite_database,round_tracking_file,dump_file) VALUES ('potions','openai10o1','results/potions-openai10o1.sqlite','.round-tracking-file.potions.openai10o1','dumps/potions-openai10o1.sql') ON CONFLICT DO NOTHING;
INSERT INTO investigations(dataset,model,sqlite_database,round_tracking_file,dump_file) VALUES ('potions','openai35','results/potions-openai35.sqlite','.round-tracking-file.potions35.openai','dumps/potions-openai35.sql') ON CONFLICT DO NOTHING;
INSERT INTO investigations(dataset,model,sqlite_database,round_tracking_file,dump_file) VALUES ('potions','openai41','results/potions-openai41.sqlite','.round-tracking-file.potions.openai41','dumps/potions-openai41.sql') ON CONFLICT DO NOTHING;
INSERT INTO investigations(dataset,model,sqlite_database,round_tracking_file,dump_file) VALUES ('potions','openai4110','results/potions-openai4110.sqlite','.round-tracking-file.potions.openai4110','dumps/potions-openai4110.sql') ON CONFLICT DO NOTHING;
INSERT INTO investigations(dataset,model,sqlite_database,round_tracking_file,dump_file) VALUES ('potions','openai45','results/potions-openai45.sqlite','.round-tracking-file.potions.openai45','dumps/potions-openai45.sql') ON CONFLICT DO NOTHING;
INSERT INTO investigations(dataset,model,sqlite_database,round_tracking_file,dump_file) VALUES ('potions','openai4510','results/potions-openai4510.sqlite','.round-tracking-file.potions.openai4510','dumps/potions-openai4510.sql') ON CONFLICT DO NOTHING;
INSERT INTO investigations(dataset,model,sqlite_database,round_tracking_file,dump_file) VALUES ('potions','openailong','results/potions-openailong.sqlite','.round-tracking-file.potions.openailong','dumps/potions-openailong.sql') ON CONFLICT DO NOTHING;
INSERT INTO investigations(dataset,model,sqlite_database,round_tracking_file,dump_file) VALUES ('potions','openaio1','results/potions-openaio1.sqlite','.round-tracking-file.potions.openaio1','dumps/potions-openaio1.sql') ON CONFLICT DO NOTHING;
INSERT INTO investigations(dataset,model,sqlite_database,round_tracking_file,dump_file) VALUES ('potions','openaio3','results/potions-openaio3.sqlite','.round-tracking-file.potions.openaio3','dumps/potions-openaio3.sql') ON CONFLICT DO NOTHING;
INSERT INTO investigations(dataset,model,sqlite_database,round_tracking_file,dump_file) VALUES ('potions','openaio310','results/potions-openaio310.sqlite','.round-tracking-file.potions.openaio310','dumps/potions-openaio310.sql') ON CONFLICT DO NOTHING;
INSERT INTO investigations(dataset,model,sqlite_database,round_tracking_file,dump_file) VALUES ('potions','opus40','results/potions-opus40.sqlite','.round-tracking-file.potions.opus40','dumps/potions-opus40.sql') ON CONFLICT DO NOTHING;
INSERT INTO investigations(dataset,model,sqlite_database,round_tracking_file,dump_file) VALUES ('potions','opus4010','results/potions-opus4010.sqlite','.round-tracking-file.potions.opus4010','dumps/potions-opus4010.sql') ON CONFLICT DO NOTHING;
INSERT INTO investigations(dataset,model,sqlite_database,round_tracking_file,dump_file) VALUES ('potions','sonnet40','results/potions-sonnet40.sqlite','.round-tracking-file.potions.sonnet40','dumps/potions-sonnet40.sql') ON CONFLICT DO NOTHING;
INSERT INTO investigations(dataset,model,sqlite_database,round_tracking_file,dump_file) VALUES ('potions','sonnet4010','results/potions-sonnet4010.sqlite','.round-tracking-file.potions.sonnet4010','dumps/potions-sonnet4010.sql') ON CONFLICT DO NOTHING;
INSERT INTO investigations(dataset,model,sqlite_database,round_tracking_file,dump_file) VALUES ('potions','random','results/potions-random.sqlite','.round-tracking-file.potions.random','dumps/potions-random.sql') ON CONFLICT DO NOTHING;
INSERT INTO investigations(dataset,model,sqlite_database,round_tracking_file,dump_file) VALUES ('southgermancredit','anthropic','results/sgc_coral-anthropic.sqlite','.round-tracking-file.sgc.anthropic','dumps/sgc_coral-anthropic.sql') ON CONFLICT DO NOTHING;
INSERT INTO investigations(dataset,model,sqlite_database,round_tracking_file,dump_file) VALUES ('southgermancredit','anthropic10','results/sgc_coral-anthropic10.sqlite','.round-tracking-file.sgc.anthropic10','dumps/sgc_coral-anthropic10.sql') ON CONFLICT DO NOTHING;
INSERT INTO investigations(dataset,model,sqlite_database,round_tracking_file,dump_file) VALUES ('southgermancredit','anthropic37','results/sgc_coral-anthropic37.sqlite','.round-tracking-file.sgc.anthropic37','dumps/sgc_coral-anthropic37.sql') ON CONFLICT DO NOTHING;
INSERT INTO investigations(dataset,model,sqlite_database,round_tracking_file,dump_file) VALUES ('southgermancredit','anthropic3710','results/sgc_coral-anthropic3710.sqlite','.round-tracking-file.sgc.anthropic3710','dumps/sgc_coral-anthropic3710.sql') ON CONFLICT DO NOTHING;
INSERT INTO investigations(dataset,model,sqlite_database,round_tracking_file,dump_file) VALUES ('southgermancredit','cogito','results/sgc_coral-cogito.sqlite','.round-tracking-file.southgermancredit.cogito','dumps/sgc_coral-cogito.sql') ON CONFLICT DO NOTHING;
INSERT INTO investigations(dataset,model,sqlite_database,round_tracking_file,dump_file) VALUES ('southgermancredit','falcon','results/sgc_coral-falcon.sqlite','.round-tracking-file.sgc.falcon3','dumps/sgc_coral-falcon.sql') ON CONFLICT DO NOTHING;
INSERT INTO investigations(dataset,model,sqlite_database,round_tracking_file,dump_file) VALUES ('southgermancredit','falcon10','results/sgc_coral-falcon10.sqlite','.round-tracking-file.sgc.falcon10','dumps/sgc_coral-falcon10.sql') ON CONFLICT DO NOTHING;
INSERT INTO investigations(dataset,model,sqlite_database,round_tracking_file,dump_file) VALUES ('southgermancredit','gemini','results/sgc_coral-gemini.sqlite','.round-tracking-file.sgc.gemini','dumps/sgc_coral-gemini.sql') ON CONFLICT DO NOTHING;
INSERT INTO investigations(dataset,model,sqlite_database,round_tracking_file,dump_file) VALUES ('southgermancredit','gemini10','results/sgc_coral-gemini10.sqlite','.round-tracking-file.sgc.gemini10','dumps/sgc_coral-gemini10.sql') ON CONFLICT DO NOTHING;
INSERT INTO investigations(dataset,model,sqlite_database,round_tracking_file,dump_file) VALUES ('southgermancredit','gemini25','results/sgc_coral-gemini25.sqlite','.round-tracking-file.sgc.gemini25','dumps/sgc_coral-gemini25.sql') ON CONFLICT DO NOTHING;
INSERT INTO investigations(dataset,model,sqlite_database,round_tracking_file,dump_file) VALUES ('southgermancredit','gemini2510','results/sgc_coral-gemini2510.sqlite','.round-tracking-file.sgc.gemini2510','dumps/sgc_coral-gemini2510.sql') ON CONFLICT DO NOTHING;
INSERT INTO investigations(dataset,model,sqlite_database,round_tracking_file,dump_file) VALUES ('southgermancredit','geminipro','results/sgc_coral-geminipro.sqlite','.round-tracking-file.sgc.geminipro','dumps/sgc_coral-geminipro.sql') ON CONFLICT DO NOTHING;
INSERT INTO investigations(dataset,model,sqlite_database,round_tracking_file,dump_file) VALUES ('southgermancredit','geminipro10','results/sgc_coral-geminipro10.sqlite','.round-tracking-file.sgc.geminipro10','dumps/sgc_coral-geminipro10.sql') ON CONFLICT DO NOTHING;
INSERT INTO investigations(dataset,model,sqlite_database,round_tracking_file,dump_file) VALUES ('southgermancredit','gemma','results/sgc_coral-gemma.sqlite','.round-tracking-file.southgermancredit.gemma','dumps/sgc_coral-gemma.sql') ON CONFLICT DO NOTHING;
INSERT INTO investigations(dataset,model,sqlite_database,round_tracking_file,dump_file) VALUES ('southgermancredit','gpt-4o-legacy','results/sgc_coral-openai.sqlite','.round-tracking-file.sgc.openai','dumps/sgc_coral-openai.sql') ON CONFLICT DO NOTHING;
INSERT INTO investigations(dataset,model,sqlite_database,round_tracking_file,dump_file) VALUES ('southgermancredit','gpt-4o-legacy10','results/sgc_coral-openai10.sqlite','.round-tracking-file.sgc.openai10','dumps/sgc_coral-openai10.sql') ON CONFLICT DO NOTHING;
INSERT INTO investigations(dataset,model,sqlite_database,round_tracking_file,dump_file) VALUES ('southgermancredit','openai10o1','results/sgc_coral-openai10o1.sqlite','.round-tracking-file.sgc.openai10o1','dumps/sgc_coral-openai10o1.sql') ON CONFLICT DO NOTHING;
INSERT INTO investigations(dataset,model,sqlite_database,round_tracking_file,dump_file) VALUES ('southgermancredit','openai35','results/sgc_coral-openai35.sqlite','.round-tracking-file.sgc35.openai','dumps/sgc_coral-openai35.sql') ON CONFLICT DO NOTHING;
INSERT INTO investigations(dataset,model,sqlite_database,round_tracking_file,dump_file) VALUES ('southgermancredit','openai41','results/sgc_coral-openai41.sqlite','.round-tracking-file.sgc.openai41','dumps/sgc_coral-openai41.sql') ON CONFLICT DO NOTHING;
INSERT INTO investigations(dataset,model,sqlite_database,round_tracking_file,dump_file) VALUES ('southgermancredit','openai4110','results/sgc_coral-openai4110.sqlite','.round-tracking-file.sgc.openai4110','dumps/sgc_coral-openai4110.sql') ON CONFLICT DO NOTHING;
INSERT INTO investigations(dataset,model,sqlite_database,round_tracking_file,dump_file) VALUES ('southgermancredit','openai45','results/sgc_coral-openai45.sqlite','.round-tracking-file.sgc.openai45','dumps/sgc_coral-openai45.sql') ON CONFLICT DO NOTHING;
INSERT INTO investigations(dataset,model,sqlite_database,round_tracking_file,dump_file) VALUES ('southgermancredit','openai4510','results/sgc_coral-openai4510.sqlite','.round-tracking-file.sgc.openai4510','dumps/sgc_coral-openai4510.sql') ON CONFLICT DO NOTHING;
INSERT INTO investigations(dataset,model,sqlite_database,round_tracking_file,dump_file) VALUES ('southgermancredit','openailong','results/sgc_coral-openailong.sqlite','.round-tracking-file.sgc.openailong','dumps/sgc_coral-openailong.sql') ON CONFLICT DO NOTHING;
INSERT INTO investigations(dataset,model,sqlite_database,round_tracking_file,dump_file) VALUES ('southgermancredit','openaio1','results/sgc_coral-openaio1.sqlite','.round-tracking-file.sgc.openaio1','dumps/sgc_coral-openaio1.sql') ON CONFLICT DO NOTHING;
INSERT INTO investigations(dataset,model,sqlite_database,round_tracking_file,dump_file) VALUES ('southgermancredit','openaio3','results/sgc_coral-openaio3.sqlite','.round-tracking-file.sgc.openaio3','dumps/sgc_coral-openaio3.sql') ON CONFLICT DO NOTHING;
INSERT INTO investigations(dataset,model,sqlite_database,round_tracking_file,dump_file) VALUES ('southgermancredit','openaio310','results/sgc_coral-openaio310.sqlite','.round-tracking-file.sgc.openaio310','dumps/sgc_coral-openaio310.sql') ON CONFLICT DO NOTHING;
INSERT INTO investigations(dataset,model,sqlite_database,round_tracking_file,dump_file) VALUES ('southgermancredit','opus40','results/sgc_coral-opus40.sqlite','.round-tracking-file.sgc.opus40','dumps/sgc_coral-opus40.sql') ON CONFLICT DO NOTHING;
INSERT INTO investigations(dataset,model,sqlite_database,round_tracking_file,dump_file) VALUES ('southgermancredit','opus4010','results/sgc_coral-opus4010.sqlite','.round-tracking-file.sgc.opus4010','dumps/sgc_coral-opus4010.sql') ON CONFLICT DO NOTHING;
INSERT INTO investigations(dataset,model,sqlite_database,round_tracking_file,dump_file) VALUES ('southgermancredit','sonnet40','results/sgc_coral-sonnet40.sqlite','.round-tracking-file.sgc.sonnet40','dumps/sgc_coral-sonnet40.sql') ON CONFLICT DO NOTHING;
INSERT INTO investigations(dataset,model,sqlite_database,round_tracking_file,dump_file) VALUES ('southgermancredit','sonnet4010','results/sgc_coral-sonnet4010.sqlite','.round-tracking-file.sgc.sonnet4010','dumps/sgc_coral-sonnet4010.sql') ON CONFLICT DO NOTHING;
INSERT INTO investigations(dataset,model,sqlite_database,round_tracking_file,dump_file) VALUES ('southgermancredit','random','results/sgc_coral-random.sqlite','.round-tracking-file.sgc.random','dumps/sgc_coral-random.sql') ON CONFLICT DO NOTHING;
INSERT INTO investigations(dataset,model,sqlite_database,round_tracking_file,dump_file) VALUES ('timetravel_insurance','anthropic','results/timetravel_insurance-anthropic.sqlite','.round-tracking-file.timetravel_insurance.anthropic','dumps/timetravel_insurance-anthropic.sql') ON CONFLICT DO NOTHING;
INSERT INTO investigations(dataset,model,sqlite_database,round_tracking_file,dump_file) VALUES ('timetravel_insurance','anthropic10','results/timetravel_insurance-anthropic10.sqlite','.round-tracking-file.timetravel_insurance.anthropic10','dumps/timetravel_insurance-anthropic10.sql') ON CONFLICT DO NOTHING;
INSERT INTO investigations(dataset,model,sqlite_database,round_tracking_file,dump_file) VALUES ('timetravel_insurance','anthropic37','results/timetravel_insurance-anthropic37.sqlite','.round-tracking-file.timetravel_insurance.anthropic37','dumps/timetravel_insurance-anthropic37.sql') ON CONFLICT DO NOTHING;
INSERT INTO investigations(dataset,model,sqlite_database,round_tracking_file,dump_file) VALUES ('timetravel_insurance','anthropic3710','results/timetravel_insurance-anthropic3710.sqlite','.round-tracking-file.timetravel_insurance.anthropic3710','dumps/timetravel_insurance-anthropic3710.sql') ON CONFLICT DO NOTHING;
INSERT INTO investigations(dataset,model,sqlite_database,round_tracking_file,dump_file) VALUES ('timetravel_insurance','gemini','results/timetravel_insurance-gemini.sqlite','.round-tracking-file.timetravel_insurance.gemini','dumps/timetravel_insurance-gemini.sql') ON CONFLICT DO NOTHING;
INSERT INTO investigations(dataset,model,sqlite_database,round_tracking_file,dump_file) VALUES ('timetravel_insurance','gemini10','results/timetravel_insurance-gemini10.sqlite','.round-tracking-file.timetravel_insurance.gemini10','dumps/timetravel_insurance-gemini10.sql') ON CONFLICT DO NOTHING;
INSERT INTO investigations(dataset,model,sqlite_database,round_tracking_file,dump_file) VALUES ('timetravel_insurance','gemini25','results/timetravel_insurance-gemini25.sqlite','.round-tracking-file.timetravel_insurance.gemini25','dumps/timetravel_insurance-gemini25.sql') ON CONFLICT DO NOTHING;
INSERT INTO investigations(dataset,model,sqlite_database,round_tracking_file,dump_file) VALUES ('timetravel_insurance','geminipro','results/timetravel_insurance-geminipro.sqlite','.round-tracking-file.timetravel_insurance.geminipro','dumps/timetravel_insurance-geminipro.sql') ON CONFLICT DO NOTHING;
INSERT INTO investigations(dataset,model,sqlite_database,round_tracking_file,dump_file) VALUES ('timetravel_insurance','geminipro10','results/timetravel_insurance-geminipro10.sqlite','.round-tracking-file.timetravel_insurance.geminipro10','dumps/timetravel_insurance-geminipro10.sql') ON CONFLICT DO NOTHING;
INSERT INTO investigations(dataset,model,sqlite_database,round_tracking_file,dump_file) VALUES ('timetravel_insurance','gemma','results/timetravel_insurance-gemma.sqlite','.round-tracking-file.timetravel_insurance.gemma','dumps/timetravel_insurance-gemma.sql') ON CONFLICT DO NOTHING;
INSERT INTO investigations(dataset,model,sqlite_database,round_tracking_file,dump_file) VALUES ('timetravel_insurance','openai','results/timetravel_insurance-openai.sqlite','.round-tracking-file.timetravel_insurance.openai','dumps/timetravel_insurance-openai.sql') ON CONFLICT DO NOTHING;
INSERT INTO investigations(dataset,model,sqlite_database,round_tracking_file,dump_file) VALUES ('timetravel_insurance','openai10','results/timetravel_insurance-openai10.sqlite','.round-tracking-file.timetravel_insurance.openai10','dumps/timetravel_insurance-openai10.sql') ON CONFLICT DO NOTHING;
INSERT INTO investigations(dataset,model,sqlite_database,round_tracking_file,dump_file) VALUES ('timetravel_insurance','openai10o1','results/timetravel_insurance-openai10o1.sqlite','.round-tracking-file.timetravel_insurance.openai10o1','dumps/timetravel_insurance-openai10o1.sql') ON CONFLICT DO NOTHING;
INSERT INTO investigations(dataset,model,sqlite_database,round_tracking_file,dump_file) VALUES ('timetravel_insurance','openai35','results/timetravel_insurance-openai35.sqlite','.round-tracking-file.timetravel_insurance35.openai','dumps/timetravel_insurance-openai35.sql') ON CONFLICT DO NOTHING;
INSERT INTO investigations(dataset,model,sqlite_database,round_tracking_file,dump_file) VALUES ('timetravel_insurance','openai41','results/timetravel_insurance-openai41.sqlite','.round-tracking-file.timetravel_insurance.openai41','dumps/timetravel_insurance-openai41.sql') ON CONFLICT DO NOTHING;
INSERT INTO investigations(dataset,model,sqlite_database,round_tracking_file,dump_file) VALUES ('timetravel_insurance','openai4110','results/timetravel_insurance-openai4110.sqlite','.round-tracking-file.timetravel_insurance.openai4110','dumps/timetravel_insurance-openai4110.sql') ON CONFLICT DO NOTHING;
INSERT INTO investigations(dataset,model,sqlite_database,round_tracking_file,dump_file) VALUES ('timetravel_insurance','openai45','results/timetravel_insurance-openai45.sqlite','.round-tracking-file.timetravel_insurance.openai45','dumps/timetravel_insurance-openai45.sql') ON CONFLICT DO NOTHING;
INSERT INTO investigations(dataset,model,sqlite_database,round_tracking_file,dump_file) VALUES ('timetravel_insurance','openai4510','results/timetravel_insurance-openai4510.sqlite','.round-tracking-file.timetravel_insurance.openai4510','dumps/timetravel_insurance-openai4510.sql') ON CONFLICT DO NOTHING;
INSERT INTO investigations(dataset,model,sqlite_database,round_tracking_file,dump_file) VALUES ('timetravel_insurance','openailong','results/timetravel_insurance-openailong.sqlite','.round-tracking-file.timetravel_insurance.openailong','dumps/timetravel_insurance-openailong.sql') ON CONFLICT DO NOTHING;
INSERT INTO investigations(dataset,model,sqlite_database,round_tracking_file,dump_file) VALUES ('timetravel_insurance','openaio1','results/timetravel_insurance-openaio1.sqlite','.round-tracking-file.timetravel_insurance.openaio1','dumps/timetravel_insurance-openaio1.sql') ON CONFLICT DO NOTHING;
INSERT INTO investigations(dataset,model,sqlite_database,round_tracking_file,dump_file) VALUES ('timetravel_insurance','openaio3','results/timetravel_insurance-openaio3.sqlite','.round-tracking-file.timetravel_insurance.openaio3','dumps/timetravel_insurance-openaio3.sql') ON CONFLICT DO NOTHING;
INSERT INTO investigations(dataset,model,sqlite_database,round_tracking_file,dump_file) VALUES ('timetravel_insurance','openaio310','results/timetravel_insurance-openaio310.sqlite','.round-tracking-file.timetravel_insurance.openaio310','dumps/timetravel_insurance-openaio310.sql') ON CONFLICT DO NOTHING;
INSERT INTO investigations(dataset,model,sqlite_database,round_tracking_file,dump_file) VALUES ('timetravel_insurance','opus40','results/timetravel_insurance-opus40.sqlite','.round-tracking-file.timetravel_insurance.opus40','dumps/timetravel_insurance-opus40.sql') ON CONFLICT DO NOTHING;
INSERT INTO investigations(dataset,model,sqlite_database,round_tracking_file,dump_file) VALUES ('timetravel_insurance','opus4010','results/timetravel_insurance-opus4010.sqlite','.round-tracking-file.timetravel_insurance.opus4010','dumps/timetravel_insurance-opus4010.sql') ON CONFLICT DO NOTHING;
INSERT INTO investigations(dataset,model,sqlite_database,round_tracking_file,dump_file) VALUES ('timetravel_insurance','sonnet40','results/timetravel_insurance-sonnet40.sqlite','.round-tracking-file.timetravel_insurance.sonnet40','dumps/timetravel_insurance-sonnet40.sql') ON CONFLICT DO NOTHING;
INSERT INTO investigations(dataset,model,sqlite_database,round_tracking_file,dump_file) VALUES ('timetravel_insurance','sonnet4010','results/timetravel_insurance-sonnet4010.sqlite','.round-tracking-file.timetravel_insurance.sonnet4010','dumps/timetravel_insurance-sonnet4010.sql') ON CONFLICT DO NOTHING;
INSERT INTO investigations(dataset,model,sqlite_database,round_tracking_file,dump_file) VALUES ('timetravel_insurance','random','results/timetravel_insurance-random.sqlite','.round-tracking-file.timetravel_insurance.random','dumps/timetravel_insurance-random.sql') ON CONFLICT DO NOTHING;
INSERT INTO investigations(dataset,model,sqlite_database,round_tracking_file,dump_file) VALUES ('titanic','anthropic','results/titanic_medical-anthropic.sqlite','.round-tracking-file.anthropic','dumps/titanic_medical-anthropic.sql') ON CONFLICT DO NOTHING;
INSERT INTO investigations(dataset,model,sqlite_database,round_tracking_file,dump_file) VALUES ('titanic','anthropic10','results/titanic_medical-anthropic10.sqlite','.round-tracking-file.anthropic10','dumps/titanic_medical-anthropic10.sql') ON CONFLICT DO NOTHING;
INSERT INTO investigations(dataset,model,sqlite_database,round_tracking_file,dump_file) VALUES ('titanic','anthropic37','results/titanic_medical-anthropic37.sqlite','.round-tracking-file.titanic.anthropic37','dumps/titanic_medical-anthropic37.sql') ON CONFLICT DO NOTHING;
INSERT INTO investigations(dataset,model,sqlite_database,round_tracking_file,dump_file) VALUES ('titanic','anthropic3710','results/titanic_medical-anthropic3710.sqlite','.round-tracking-file.anthropic3710','dumps/titanic_medical-anthropic3710.sql') ON CONFLICT DO NOTHING;
INSERT INTO investigations(dataset,model,sqlite_database,round_tracking_file,dump_file) VALUES ('titanic','cogito','results/titanic_medical-cogito.sqlite','.round-tracking-file.cogito','dumps/titanic_medical-cogito.sql') ON CONFLICT DO NOTHING;
INSERT INTO investigations(dataset,model,sqlite_database,round_tracking_file,dump_file) VALUES ('titanic','deepseek','results/titanic_medical-deepseek.sqlite','.round-tracking-file.titanic.deepseek','dumps/titanic_medical-deepseek.sql') ON CONFLICT DO NOTHING;
INSERT INTO investigations(dataset,model,sqlite_database,round_tracking_file,dump_file) VALUES ('titanic','falcon','results/titanic_medical-falcon.sqlite','.round-tracking-file.falcon3','dumps/titanic_medical-falcon.sql') ON CONFLICT DO NOTHING;
INSERT INTO investigations(dataset,model,sqlite_database,round_tracking_file,dump_file) VALUES ('titanic','falcon10','results/titanic_medical-falcon10.sqlite','.round-tracking-file.falcon10','dumps/titanic_medical-falcon10.sql') ON CONFLICT DO NOTHING;
INSERT INTO investigations(dataset,model,sqlite_database,round_tracking_file,dump_file) VALUES ('titanic','gemini','results/titanic_medical-gemini.sqlite','.round-tracking-file.gemini','dumps/titanic_medical-gemini.sql') ON CONFLICT DO NOTHING;
INSERT INTO investigations(dataset,model,sqlite_database,round_tracking_file,dump_file) VALUES ('titanic','gemini10','results/titanic_medical-gemini10.sqlite','.round-tracking-file.gemini10','dumps/titanic_medical-gemini10.sql') ON CONFLICT DO NOTHING;
INSERT INTO investigations(dataset,model,sqlite_database,round_tracking_file,dump_file) VALUES ('titanic','gemini25','results/titanic_medical-gemini25.sqlite','.round-tracking-file.gemini25','dumps/titanic_medical-gemini25.sql') ON CONFLICT DO NOTHING;
INSERT INTO investigations(dataset,model,sqlite_database,round_tracking_file,dump_file) VALUES ('titanic','gemini2510','results/titanic_medical-gemini2510.sqlite','.round-tracking-file.gemini2510','dumps/titanic_medical-gemini2510.sql') ON CONFLICT DO NOTHING;
INSERT INTO investigations(dataset,model,sqlite_database,round_tracking_file,dump_file) VALUES ('titanic','geminipro','results/titanic_medical-geminipro.sqlite','.round-tracking-file.geminipro','dumps/titanic_medical-geminipro.sql') ON CONFLICT DO NOTHING;
INSERT INTO investigations(dataset,model,sqlite_database,round_tracking_file,dump_file) VALUES ('titanic','geminipro10','results/titanic_medical-geminipro10.sqlite','.round-tracking-file.geminipro10','dumps/titanic_medical-geminipro10.sql') ON CONFLICT DO NOTHING;
INSERT INTO investigations(dataset,model,sqlite_database,round_tracking_file,dump_file) VALUES ('titanic','gemma','results/titanic_medical-gemma.sqlite','.round-tracking-file.gemma','dumps/titanic_medical-gemma.sql') ON CONFLICT DO NOTHING;
INSERT INTO investigations(dataset,model,sqlite_database,round_tracking_file,dump_file) VALUES ('titanic','gemma3','results/titanic_medical-gemma3.sqlite','.round-tracking-file.gemma3','dumps/titanic_medical-gemma3.sql') ON CONFLICT DO NOTHING;
INSERT INTO investigations(dataset,model,sqlite_database,round_tracking_file,dump_file) VALUES ('titanic','llama','results/titanic_medical-llama.sqlite','.round-tracking-file.llama','dumps/titanic_medical-llama.sql') ON CONFLICT DO NOTHING;
INSERT INTO investigations(dataset,model,sqlite_database,round_tracking_file,dump_file) VALUES ('titanic','openai','results/titanic_medical-openai.sqlite','.round-tracking-file.openai','dumps/titanic_medical-openai.sql') ON CONFLICT DO NOTHING;
INSERT INTO investigations(dataset,model,sqlite_database,round_tracking_file,dump_file) VALUES ('titanic','openai10','results/titanic_medical-openai10.sqlite','.round-tracking-file.openai10','dumps/titanic_medical-openai10.sql') ON CONFLICT DO NOTHING;
INSERT INTO investigations(dataset,model,sqlite_database,round_tracking_file,dump_file) VALUES ('titanic','openai10o1','results/titanic_medical-openai10o1.sqlite','.round-tracking-file.openai10o1','dumps/titanic_medical-openai10o1.sql') ON CONFLICT DO NOTHING;
INSERT INTO investigations(dataset,model,sqlite_database,round_tracking_file,dump_file) VALUES ('titanic','openai35','results/titanic_medical-openai35.sqlite','.round-tracking-file.openai35','dumps/titanic_medical-openai35.sql') ON CONFLICT DO NOTHING;
INSERT INTO investigations(dataset,model,sqlite_database,round_tracking_file,dump_file) VALUES ('titanic','openai41','results/titanic_medical-openai41.sqlite','.round-tracking-file.openai41','dumps/titanic_medical-openai41.sql') ON CONFLICT DO NOTHING;
INSERT INTO investigations(dataset,model,sqlite_database,round_tracking_file,dump_file) VALUES ('titanic','openai4110','results/titanic_medical-openai4110.sqlite','.round-tracking-file.openai4110','dumps/titanic_medical-openai4110.sql') ON CONFLICT DO NOTHING;
INSERT INTO investigations(dataset,model,sqlite_database,round_tracking_file,dump_file) VALUES ('titanic','openai45','results/titanic_medical-openai45.sqlite','.round-tracking-file.openai45','dumps/titanic_medical-openai45.sql') ON CONFLICT DO NOTHING;
INSERT INTO investigations(dataset,model,sqlite_database,round_tracking_file,dump_file) VALUES ('titanic','openai4510','results/titanic_medical-openai4510.sqlite','.round-tracking-file.openai4510','dumps/titanic_medical-openai4510.sql') ON CONFLICT DO NOTHING;
INSERT INTO investigations(dataset,model,sqlite_database,round_tracking_file,dump_file) VALUES ('titanic','openai45p10','results/titanic_medical-openai45p10.sqlite','.round-tracking-file.openai45p10','dumps/titanic_medical-openai45p10.sql') ON CONFLICT DO NOTHING;
INSERT INTO investigations(dataset,model,sqlite_database,round_tracking_file,dump_file) VALUES ('titanic','openailong','results/titanic_medical-openailong.sqlite','.round-tracking-file.titanic.openailong','dumps/titanic_medical-openailong.sql') ON CONFLICT DO NOTHING;
INSERT INTO investigations(dataset,model,sqlite_database,round_tracking_file,dump_file) VALUES ('titanic','openaio1','results/titanic_medical-openaio1.sqlite','.round-tracking-file.openaio1','dumps/titanic_medical-openaio1.sql') ON CONFLICT DO NOTHING;
INSERT INTO investigations(dataset,model,sqlite_database,round_tracking_file,dump_file) VALUES ('titanic','openaio3','results/titanic_medical-openaio3.sqlite','.round-tracking-file.openaio3','dumps/titanic_medical-openaio3.sql') ON CONFLICT DO NOTHING;
INSERT INTO investigations(dataset,model,sqlite_database,round_tracking_file,dump_file) VALUES ('titanic','openaio310','results/titanic_medical-openaio310.sqlite','.round-tracking-file.openaio310','dumps/titanic_medical-openaio310.sql') ON CONFLICT DO NOTHING;
INSERT INTO investigations(dataset,model,sqlite_database,round_tracking_file,dump_file) VALUES ('titanic','opus40','results/titanic_medical-opus40.sqlite','.round-tracking-file.opus40','dumps/titanic_medical-opus40.sql') ON CONFLICT DO NOTHING;
INSERT INTO investigations(dataset,model,sqlite_database,round_tracking_file,dump_file) VALUES ('titanic','opus4010','results/titanic_medical-opus4010.sqlite','.round-tracking-file.opus4010','dumps/titanic_medical-opus4010.sql') ON CONFLICT DO NOTHING;
INSERT INTO investigations(dataset,model,sqlite_database,round_tracking_file,dump_file) VALUES ('titanic','phi','results/titanic_medical-phi.sqlite','.round-tracking-file.titanic.phi','dumps/titanic_medical-phi.sql') ON CONFLICT DO NOTHING;
INSERT INTO investigations(dataset,model,sqlite_database,round_tracking_file,dump_file) VALUES ('titanic','qwq','results/titanic_medical-qwq.sqlite','.round-tracking-file.titanic.qwq','dumps/titanic_medical-qwq.sql') ON CONFLICT DO NOTHING;
INSERT INTO investigations(dataset,model,sqlite_database,round_tracking_file,dump_file) VALUES ('titanic','sonnet40','results/titanic_medical-sonnet40.sqlite','.round-tracking-file.sonnet40','dumps/titanic_medical-sonnet40.sql') ON CONFLICT DO NOTHING;
INSERT INTO investigations(dataset,model,sqlite_database,round_tracking_file,dump_file) VALUES ('titanic','sonnet4010','results/titanic_medical-sonnet4010.sqlite','.round-tracking-file.sonnet4010','dumps/titanic_medical-sonnet4010.sql') ON CONFLICT DO NOTHING;
INSERT INTO investigations(dataset,model,sqlite_database,round_tracking_file,dump_file) VALUES ('titanic','random','results/titanic_medical-random.sqlite','.round-tracking-file.titanic.random','dumps/titanic_medical-random.sql') ON CONFLICT DO NOTHING;
INSERT INTO investigations(dataset,model,sqlite_database,round_tracking_file,dump_file) VALUES ('wisconsin','anthropic','results/wisconsin_exoplanets-anthropic.sqlite','.round-tracking-file.wisconsin.anthropic','dumps/wisconsin_exoplanets-anthropic.sql') ON CONFLICT DO NOTHING;
INSERT INTO investigations(dataset,model,sqlite_database,round_tracking_file,dump_file) VALUES ('wisconsin','anthropic10','results/wisconsin_exoplanets-anthropic10.sqlite','.round-tracking-file.wisconsin.anthropic10','dumps/wisconsin_exoplanets-anthropic10.sql') ON CONFLICT DO NOTHING;
INSERT INTO investigations(dataset,model,sqlite_database,round_tracking_file,dump_file) VALUES ('wisconsin','anthropic37','results/wisconsin_exoplanets-anthropic37.sqlite','.round-tracking-file.wisconsin.anthropic37','dumps/wisconsin_exoplanets-anthropic37.sql') ON CONFLICT DO NOTHING;
INSERT INTO investigations(dataset,model,sqlite_database,round_tracking_file,dump_file) VALUES ('wisconsin','anthropic3710','results/wisconsin_exoplanets-anthropic3710.sqlite','.round-tracking-file.wisconsin.anthropic3710','dumps/wisconsin_exoplanets-anthropic3710.sql') ON CONFLICT DO NOTHING;
INSERT INTO investigations(dataset,model,sqlite_database,round_tracking_file,dump_file) VALUES ('wisconsin','cogito','results/wisconsin_exoplanets-cogito.sqlite','.round-tracking-file.wisconsin.cogito','dumps/wisconsin_exoplanets-cogito.sql') ON CONFLICT DO NOTHING;
INSERT INTO investigations(dataset,model,sqlite_database,round_tracking_file,dump_file) VALUES ('wisconsin','deepseek','results/wisconsin_exoplanets-deepseek.sqlite','.round-tracking-file.wisconsin.deepseek','dumps/wisconsin_exoplanets-deepseek.sql') ON CONFLICT DO NOTHING;
INSERT INTO investigations(dataset,model,sqlite_database,round_tracking_file,dump_file) VALUES ('wisconsin','falcon','results/wisconsin_exoplanets-falcon.sqlite','.round-tracking-file.wisconsin.falcon3','dumps/wisconsin_exoplanets-falcon.sql') ON CONFLICT DO NOTHING;
INSERT INTO investigations(dataset,model,sqlite_database,round_tracking_file,dump_file) VALUES ('wisconsin','falcon10','results/wisconsin_exoplanets-falcon10.sqlite','.round-tracking-file.wisconsin.falcon10','dumps/wisconsin_exoplanets-falcon10.sql') ON CONFLICT DO NOTHING;
INSERT INTO investigations(dataset,model,sqlite_database,round_tracking_file,dump_file) VALUES ('wisconsin','gemini','results/wisconsin_exoplanets-gemini.sqlite','.round-tracking-file.wisconsin.gemini','dumps/wisconsin_exoplanets-gemini.sql') ON CONFLICT DO NOTHING;
INSERT INTO investigations(dataset,model,sqlite_database,round_tracking_file,dump_file) VALUES ('wisconsin','gemini10','results/wisconsin_exoplanets-gemini10.sqlite','.round-tracking-file.wisconsin.gemini10','dumps/wisconsin_exoplanets-gemini10.sql') ON CONFLICT DO NOTHING;
INSERT INTO investigations(dataset,model,sqlite_database,round_tracking_file,dump_file) VALUES ('wisconsin','gemini25','results/wisconsin_exoplanets-gemini25.sqlite','.round-tracking-file.wisconsin.gemini25','dumps/wisconsin_exoplanets-gemini25.sql') ON CONFLICT DO NOTHING;
INSERT INTO investigations(dataset,model,sqlite_database,round_tracking_file,dump_file) VALUES ('wisconsin','gemini2510','results/wisconsin_exoplanets-gemini2510.sqlite','.round-tracking-file.wisconsin.gemini2510','dumps/wisconsin_exoplanets-gemini2510.sql') ON CONFLICT DO NOTHING;
INSERT INTO investigations(dataset,model,sqlite_database,round_tracking_file,dump_file) VALUES ('wisconsin','geminipro','results/wisconsin_exoplanets-geminipro.sqlite','.round-tracking-file.wisconsin.geminipro','dumps/wisconsin_exoplanets-geminipro.sql') ON CONFLICT DO NOTHING;
INSERT INTO investigations(dataset,model,sqlite_database,round_tracking_file,dump_file) VALUES ('wisconsin','geminipro10','results/wisconsin_exoplanets-geminipro10.sqlite','.round-tracking-file.wisconsin.geminipro10','dumps/wisconsin_exoplanets-geminipro10.sql') ON CONFLICT DO NOTHING;
INSERT INTO investigations(dataset,model,sqlite_database,round_tracking_file,dump_file) VALUES ('wisconsin','gemma','results/wisconsin_exoplanets-gemma.sqlite','.round-tracking-file.wisconsin.gemma','dumps/wisconsin_exoplanets-gemma.sql') ON CONFLICT DO NOTHING;
INSERT INTO investigations(dataset,model,sqlite_database,round_tracking_file,dump_file) VALUES ('wisconsin','gemma3','results/wisconsin_exoplanets-gemma.sqlite','.round-tracking-file.wisconsin.gemma','dumps/wisconsin_exoplanets-gemma.sql') ON CONFLICT DO NOTHING;
INSERT INTO investigations(dataset,model,sqlite_database,round_tracking_file,dump_file) VALUES ('wisconsin','llama','results/wisconsin_exoplanets-llama.sqlite','.round-tracking-file.wisconsin.llama','dumps/wisconsin_exoplanets-llama.sql') ON CONFLICT DO NOTHING;
INSERT INTO investigations(dataset,model,sqlite_database,round_tracking_file,dump_file) VALUES ('wisconsin','llamaphi','results/wisconsin_exoplanets-llamaphi.sqlite','.round-tracking-file.wisconsin.llamaphi','dumps/wisconsin_exoplanets-llamaphi.sql') ON CONFLICT DO NOTHING;
INSERT INTO investigations(dataset,model,sqlite_database,round_tracking_file,dump_file) VALUES ('wisconsin','openai','results/wisconsin_exoplanets-openai.sqlite','.round-tracking-file.wisconsin.openai','dumps/wisconsin_exoplanets-openai.sql') ON CONFLICT DO NOTHING;
INSERT INTO investigations(dataset,model,sqlite_database,round_tracking_file,dump_file) VALUES ('wisconsin','openai10','results/wisconsin_exoplanets-openai10.sqlite','.round-tracking-file.wisconsin.openai10','dumps/wisconsin_exoplanets-openai10.sql') ON CONFLICT DO NOTHING;
INSERT INTO investigations(dataset,model,sqlite_database,round_tracking_file,dump_file) VALUES ('wisconsin','openai10o1','results/wisconsin_exoplanets-openai10o1.sqlite','.round-tracking-file.wisconsin.openai10o1','dumps/wisconsin_exoplanets-openai10o1.sql') ON CONFLICT DO NOTHING;
INSERT INTO investigations(dataset,model,sqlite_database,round_tracking_file,dump_file) VALUES ('wisconsin','openai35','results/wisconsin_exoplanets-openai35.sqlite','.round-tracking-file.wisconsin35.openai','dumps/wisconsin_exoplanets-openai35.sql') ON CONFLICT DO NOTHING;
INSERT INTO investigations(dataset,model,sqlite_database,round_tracking_file,dump_file) VALUES ('wisconsin','openai41','results/wisconsin_exoplanets-openai41.sqlite','.round-tracking-file.wisconsin.openai41','dumps/wisconsin_exoplanets-openai41.sql') ON CONFLICT DO NOTHING;
INSERT INTO investigations(dataset,model,sqlite_database,round_tracking_file,dump_file) VALUES ('wisconsin','openai4110','results/wisconsin_exoplanets-openai4110.sqlite','.round-tracking-file.wisconsin.openai4110','dumps/wisconsin_exoplanets-openai4110.sql') ON CONFLICT DO NOTHING;
INSERT INTO investigations(dataset,model,sqlite_database,round_tracking_file,dump_file) VALUES ('wisconsin','openai45','results/wisconsin_exoplanets-openai45.sqlite','.round-tracking-file.wisconsin.openai45','dumps/wisconsin_exoplanets-openai45.sql') ON CONFLICT DO NOTHING;
INSERT INTO investigations(dataset,model,sqlite_database,round_tracking_file,dump_file) VALUES ('wisconsin','openai4510','results/wisconsin_exoplanets-openai4510.sqlite','.round-tracking-file.wisconsin.openai4510','dumps/wisconsin_exoplanets-openai4510.sql') ON CONFLICT DO NOTHING;
INSERT INTO investigations(dataset,model,sqlite_database,round_tracking_file,dump_file) VALUES ('wisconsin','openailong','results/wisconsin_exoplanets-openailong.sqlite','.round-tracking-file.wisconsin.openailong','dumps/wisconsin_exoplanets-openailong.sql') ON CONFLICT DO NOTHING;
INSERT INTO investigations(dataset,model,sqlite_database,round_tracking_file,dump_file) VALUES ('wisconsin','openaio1','results/wisconsin_exoplanets-openaio1.sqlite','.round-tracking-file.wisconsin.openaio1','dumps/wisconsin_exoplanets-openaio1.sql') ON CONFLICT DO NOTHING;
INSERT INTO investigations(dataset,model,sqlite_database,round_tracking_file,dump_file) VALUES ('wisconsin','openaio3','results/wisconsin_exoplanets-openaio3.sqlite','.round-tracking-file.wisconsin.openaio3','dumps/wisconsin_exoplanets-openaio3.sql') ON CONFLICT DO NOTHING;
INSERT INTO investigations(dataset,model,sqlite_database,round_tracking_file,dump_file) VALUES ('wisconsin','openaio310','results/wisconsin_exoplanets-openaio310.sqlite','.round-tracking-file.wisconsin.openaio310','dumps/wisconsin_exoplanets-openaio310.sql') ON CONFLICT DO NOTHING;
INSERT INTO investigations(dataset,model,sqlite_database,round_tracking_file,dump_file) VALUES ('wisconsin','opus40','results/wisconsin_exoplanets-opus40.sqlite','.round-tracking-file.wisconsin.opus40','dumps/wisconsin_exoplanets-opus40.sql') ON CONFLICT DO NOTHING;
INSERT INTO investigations(dataset,model,sqlite_database,round_tracking_file,dump_file) VALUES ('wisconsin','opus4010','results/wisconsin_exoplanets-opus4010.sqlite','.round-tracking-file.wisconsin.opus4010','dumps/wisconsin_exoplanets-opus4010.sql') ON CONFLICT DO NOTHING;
INSERT INTO investigations(dataset,model,sqlite_database,round_tracking_file,dump_file) VALUES ('wisconsin','phi','results/wisconsin_exoplanets-phi.sqlite','.round-tracking-file.wisconsin.phi','dumps/wisconsin_exoplanets-phi.sql') ON CONFLICT DO NOTHING;
INSERT INTO investigations(dataset,model,sqlite_database,round_tracking_file,dump_file) VALUES ('wisconsin','qwq','results/wisconsin_exoplanets-qwq.sqlite','.round-tracking-file.wisconsin.qwq','dumps/wisconsin_exoplanets-qwq.sql') ON CONFLICT DO NOTHING;
INSERT INTO investigations(dataset,model,sqlite_database,round_tracking_file,dump_file) VALUES ('wisconsin','sonnet40','results/wisconsin_exoplanets-sonnet40.sqlite','.round-tracking-file.wisconsin.sonnet40','dumps/wisconsin_exoplanets-sonnet40.sql') ON CONFLICT DO NOTHING;
INSERT INTO investigations(dataset,model,sqlite_database,round_tracking_file,dump_file) VALUES ('wisconsin','sonnet4010','results/wisconsin_exoplanets-sonnet4010.sqlite','.round-tracking-file.wisconsin.sonnet4010','dumps/wisconsin_exoplanets-sonnet4010.sql') ON CONFLICT DO NOTHING;
INSERT INTO investigations(dataset,model,sqlite_database,round_tracking_file,dump_file) VALUES ('wisconsin','random','results/wisconsin_exoplanets-random.sqlite','.round-tracking-file.wisconsin.random','dumps/wisconsin_exoplanets-random.sql') ON CONFLICT DO NOTHING;
